リーチ数,ハッシュタグ
"71,723",#roomclip #ルームクリップ #おしゃれな家づくり #ペンダントランプ #リビングダイニング #おしゃれなインテリア #ペンダントライト #こだわりの家づくり #一戸建て #マイホーム計画中の人と繋がりたい #こだわりの家 #戸建て #キッチンインテリア #玄関 #玄関インテリア #洗面所 #洗面所収納 #洗面所インテリア #書斎 #ワークスペース #寝室 #寝室インテリア #寝室照明 #ヘリンボーン床 #板張り天井 #アイランドキッチン #小上がり和室 #畳スペース #畳コーナー #ウッドデッキテラス
"63,728",#植物のある暮らし #観葉植物のある暮らし #観葉植物がある暮らし #植物がある暮らし #グリーンのある暮らし #グリーンのある生活 #植物のある生活 #好きなものに囲まれた暮らし #暮らしをたのしむ #一戸建て #一軒家 #戸建て #戸建て住宅 #こだわりの家 #雑貨好き #雑貨好きな人と繋がりたい #家づくりノート #マイホーム計画中の人と繋がりたい #丁寧な暮らしに憧れる #くらしを楽しむ #インテリア好き #日々のくらし #失敗しない家づくり #家づくりの記録 #マイホーム計画中 #リビングダイニング #おうちづくり #日常の記録 #roomclip #ルームクリップ
"70,249",#roomclip #ルームクリップ #おしゃれな家づくり #ペンダントランプ #リビングダイニング #おしゃれなインテリア #ペンダントライト #こだわりの家づくり #一重メイク #マイホーム計画中の人と繋がりたい #こだわりの家 #戸建て #キッチンインテリア #玄関 #玄関インテリア #二階リビング #カウンターキッチン #キッチンカウンター #カウンター #アクセントクロス #ソファ #ソファのある暮らし #ソファー選び #子供のいる暮らし #子供のいる生活 #子供がいる暮らし #ブラインド #カップボード #カーテン #ダイニングテーブル
"152,897",#roomclip #ルームクリップ #一人暮らし #ひとり暮らし #大人の一人暮らし #一人暮らしインテリア #1kインテリア #部屋づくり #部屋作り #お部屋づくり #一人暮らし女子 #おしゃれインテリア #一人暮らし部屋 #一人暮らしルーム #ひとり暮らしの日常 #ひとり暮らし部屋 #お部屋紹介 #女子部屋 #マイルーム #シンプルインテリア #ホワイトインテリア #暮らしの日記 #雑貨好き #雑貨好きな人と繋がりたい #丁寧な暮らしに憧れる #くらしを楽しむ #インテリア好き #日々のくらし #間接照明のある暮らし無印良品のある暮らし
"86,855",#roomclip #ルームクリップ #おしゃれな家づくり #ペンダントランプ #リビングダイニング #おしゃれなインテリア #ペンダントライト #こだわりの家づくり #一戸建て #マイホーム計画中の人と繋がりたい #こだわりの家 #戸建て #キッチンインテリア #玄関 #玄関インテリア #小上がり和室 #畳スペース #畳コーナー #シンプルな家 #ソファ #海外インテリアに憧れる #リビング照明 #アンティーク家具 #ダイニングインテリア #オープンキッチン #無垢材 #無垢材の床 #無垢材フローリング #ヴィンテージ家具 #北欧ヴィンテージ家具
"96,545",#男前インテリア #インダストリアル家具 #インダストリアルインテリア #アンティーク家具 #アンティーク雑貨 #ビンテージ家具 #レトロ家具 #好きなものに囲まれた暮らし #暮らしをたのしむ #一戸建て #一軒家 #戸建て #戸建て住宅 #こだわりの家 #雑貨好き #雑貨好きな人と繋がりたい #家づくりノート #マイホーム計画中の人と繋がりたい #丁寧な暮らしに憧れる #くらしを楽しむ #インテリア好き #日々のくらし #失敗しない家づくり #家づくりの記録 #マイホーム計画中 #リビングダイニング #おうちづくり #日常の記録 #roomclip #ルームクリップ
"67,727",#roomclip #ルームクリップ #おしゃれな家づくり #ペンダントランプ #カーテン #リビングダイニング #おしゃれなインテリア #ペンダントライト #こだわりの家づくり #一戸建て #マイホーム計画中の人と繋がりたい #こだわりの家 #戸建て #キッチンインテリア #テレビボード #アクセントクロス #トイレ #トイレインテリア #トイレ収納 #リノベーション #リノベーション住宅 #フルリノベーション #中古住宅リノベーション #ソファ #海外インテリアに憧れる #インテリア好きと繋がりたい #ダイニングインテリア #オープンキッチン #キッチン収納見直し
"75,708",#ねこのいる暮らし #ネコのいる暮らし #猫のいるくらし #ねこのいるくらし #猫との生活 #猫との暮らし #猫と暮らす家 #猫の居る暮らし #ペットとの暮らし #ペットのいる暮らし #ペットのいる生活 #キャットタワー #キャットステップ #こだわりの家 #雑貨好き #雑貨好きな人と繋がりたい #家づくりノート #マイホーム計画中の人と繋がりたい #丁寧な暮らしに憧れる #くらしを楽しむ #インテリア好き #日々のくらし #失敗しない家づくり #家づくりの記録 #マイホーム計画中 #リビングダイニング #おうちづくり #日常の記録 #roomclip #ルームクリップ
"85,275",#roomclip #ルームクリップ #おしゃれな家づくり #ペンダントランプ #リビングダイニング #おしゃれなインテリア #ペンダントライト #こだわりの家づくり #一戸建て #マイホーム計画中の人と繋がりたい #こだわりの家 #戸建て #キッチンインテリア #アクセントクロス #ソファ #インテリア好きと繋がりたい #ダイニングインテリア #オープンキッチン #キッチン収納 #下がり天井 #カウンター #キッチンカウンター #カウンターキッチン #書斎スペース #書斎 #ブラインド #建売住宅 #建売住宅でも快適生活 #建売
"90,764",#賃貸インテリア #賃貸暮らし #賃貸diy #賃貸キッチン #賃貸収納 #賃貸アパート #賃貸リビング #賃貸住宅 #賃貸生活 #団地暮らし #団地インテリア #団地暮らしを楽しむ #団地生活 #団地住まい #団地 #団地キッチン #こだわりの家 #雑貨好き #雑貨好きな人と繋がりたい #丁寧な暮らしに憧れる #くらしを楽しむ #インテリア好き #日々のくらし #好きなものに囲まれた暮らし #暮らしをたのしむ #リビングダイニング #おうちづくり #日常の記録 #roomclip #ルームクリップ
"72,965",#roomclip #ルームクリップ #おしゃれな家づくり #ペンダントランプ #リビングダイニング #おしゃれなインテリア #ペンダントライト #こだわりの家づくり #一戸建て #マイホーム計画中の人と繋がりたい #こだわりの家 #戸建て #キッチンインテリア #アクセントクロス #ソファ #海外インテリアに憧れる #インテリア好きと繋がりたい #ダイニングインテリア #オープンキッチン #キッチン収納 #スウェーデンホーム #輸入住宅 #吹き抜けリビング #吹き抜けのある家 #吹き抜け #寝室 #寝室インテリア #洗面所 #洗面スペース
"90,079",#無印良品購入品 #無印購入品 #無印良品のある生活 #無印良品のある暮らし #無印良品の家 #無印良品収納 #無印良品好き #好きなものに囲まれた暮らし #暮らしをたのしむ #一戸建て #一軒家 #戸建て #戸建て住宅 #こだわりの家 #雑貨好き #雑貨好きな人と繋がりたい #家づくりノート #マイホーム計画中の人と繋がりたい #丁寧な暮らしに憧れる #くらしを楽しむ #インテリア好き #日々のくらし #失敗しない家づくり #家づくりの記録 #マイホーム計画中 #リビングダイニング #おうちづくり #日常の記録 #roomclip #ルームクリップ